file,size_mb,duration_s,recorded,device,codec,width,height,orientation,fps,fps_mode,bit_depth,transfer,primaries,hdr_format,bitrate_mbps,dynamic_range,audio,luma_mean,clip_hi_pct,crush_lo_pct,shake_px,camera_travel_px,type,path,flags
IMG_9631.MOV,77.7,11.24,2026-09-23 03:42:05 UTC,iPhone 16 Pro Max,HEVC,3840,2160,horizontal,60.0,VFR,10,HLG,BT.2020,Dolby Vision,54.7,HDR,AAC 2ch 48000Hz,178.3,0.03,0.03,0.05,8.5,video,IMG_9631.MOV,HDR→SDR needed
IMG_9632.MOV,90.7,13.52,2026-09-23 03:42:25 UTC,iPhone 16 Pro Max,HEVC,3840,2160,horizontal,59.94,VFR,10,HLG,BT.2020,Dolby Vision,53.0,HDR,AAC 2ch 48000Hz,180.8,0.0,0.0,3.19,846.0,video,IMG_9632.MOV,HDR→SDR needed; shaky
IMG_9633.MOV,71.3,10.57,2026-09-23 03:42:59 UTC,iPhone 16 Pro Max,HEVC,3840,2160,horizontal,60.0,VFR,10,HLG,BT.2020,Dolby Vision,53.3,HDR,AAC 2ch 48000Hz,179.6,0.02,0.02,0.73,77.4,video,IMG_9633.MOV,HDR→SDR needed
IMG_9635.MOV,20.2,2.98,2026-09-23 03:43:49 UTC,iPhone 16 Pro Max,HEVC,3840,2160,horizontal,59.94,VFR,10,HLG,BT.2020,Dolby Vision,53.3,HDR,AAC 2ch 48000Hz,149.6,0.29,0.0,3.03,142.2,video,IMG_9635.MOV,HDR→SDR needed; shaky
IMG_9636.MOV,35.9,5.42,2026-09-23 04:32:24 UTC,iPhone 16 Pro Max,HEVC,2160,3840,vertical,60.0,VFR,10,HLG,BT.2020,Dolby Vision,52.4,HDR,AAC 2ch 48000Hz,168.1,0.15,0.0,0.02,1.3,video,IMG_9636.MOV,HDR→SDR needed
IMG_9637.MOV,29.1,4.37,2026-09-23 04:38:48 UTC,iPhone 16 Pro Max,HEVC,2160,3840,vertical,60.0,VFR,10,HLG,BT.2020,Dolby Vision,52.6,HDR,AAC 2ch 48000Hz,164.8,0.13,0.22,0.04,1.7,video,IMG_9637.MOV,HDR→SDR needed
IMG_9638.MOV,38.8,5.85,2026-09-23 04:39:10 UTC,iPhone 16 Pro Max,HEVC,2160,3840,vertical,59.94,VFR,10,HLG,BT.2020,Dolby Vision,52.3,HDR,AAC 2ch 48000Hz,169.6,0.18,0.17,1.26,131.4,video,IMG_9638.MOV,HDR→SDR needed; shaky
IMG_9639.HEIC,1.9,,,,,,,,,,,,,,,,,,,,,,image,IMG_9639.HEIC,
IMG_9640.HEIC,1.8,,,,,,,,,,,,,,,,,,,,,,image,IMG_9640.HEIC,
IMG_9641.MOV,21.1,3.22,2026-09-23 04:39:33 UTC,iPhone 16 Pro Max,HEVC,2160,3840,vertical,59.94,VFR,10,HLG,BT.2020,Dolby Vision,51.6,HDR,AAC 2ch 48000Hz,171.0,0.08,0.26,1.24,46.7,video,IMG_9641.MOV,HDR→SDR needed; shaky
IMG_9642.MOV,21.7,3.28,2026-09-23 04:39:39 UTC,iPhone 16 Pro Max,HEVC,2160,3840,vertical,59.94,VFR,10,HLG,BT.2020,Dolby Vision,52.1,HDR,AAC 2ch 48000Hz,182.0,0.0,0.17,0.32,12.3,video,IMG_9642.MOV,HDR→SDR needed
IMG_9643.MOV,56.2,8.53,2026-09-23 04:40:10 UTC,iPhone 16 Pro Max,HEVC,2160,3840,vertical,59.94,VFR,10,HLG,BT.2020,Dolby Vision,52.1,HDR,AAC 2ch 48000Hz,176.6,0.02,0.06,0.3,32.9,video,IMG_9643.MOV,HDR→SDR needed
IMG_9644.MOV,36.3,5.54,2026-09-23 04:41:45 UTC,iPhone 16 Pro Max,HEVC,2160,3840,vertical,59.94,VFR,10,HLG,BT.2020,Dolby Vision,51.7,HDR,AAC 2ch 48000Hz,179.5,0.24,0.0,0.06,5.1,video,IMG_9644.MOV,HDR→SDR needed
IMG_9645.MOV,45.8,6.92,2026-09-23 04:42:29 UTC,iPhone 16 Pro Max,HEVC,2160,3840,vertical,60.0,VFR,10,HLG,BT.2020,Dolby Vision,52.3,HDR,AAC 2ch 48000Hz,165.9,0.1,0.23,0.19,16.0,video,IMG_9645.MOV,HDR→SDR needed
IMG_9646.MOV,409.8,33.37,2026-09-23 04:43:16 UTC,iPhone 16 Pro Max,HEVC,2160,3840,vertical,119.94,VFR,10,HLG,BT.2020,Dolby Vision,97.4,HDR,AAC 2ch 48000Hz,165.5,0.1,0.08,0.51,188.4,video,IMG_9646.MOV,slow-mo capable; HDR→SDR needed
IMG_9647.HEIC,2.5,,,,,,,,,,,,,,,,,,,,,,image,IMG_9647.HEIC,
IMG_9648.HEIC,2.4,,,,,,,,,,,,,,,,,,,,,,image,IMG_9648.HEIC,
IMG_9649.MOV,82.6,12.46,2026-09-23 05:08:05 UTC,iPhone 16 Pro Max,HEVC,2160,3840,vertical,60.0,VFR,10,HLG,BT.2020,Dolby Vision,52.3,HDR,AAC 2ch 48000Hz,152.4,0.3,0.37,6.55,1282.0,video,IMG_9649.MOV,HDR→SDR needed; shaky
IMG_9650.MOV,86.6,12.86,2026-09-23 05:08:26 UTC,iPhone 16 Pro Max,HEVC,2160,3840,vertical,59.94,VFR,10,HLG,BT.2020,Dolby Vision,53.1,HDR,AAC 2ch 48000Hz,151.2,0.25,0.95,4.67,988.2,video,IMG_9650.MOV,HDR→SDR needed; shaky
IMG_9651.MOV,27.5,4.13,2026-09-23 05:08:50 UTC,iPhone 16 Pro Max,HEVC,2160,3840,vertical,60.0,VFR,10,HLG,BT.2020,Dolby Vision,52.6,HDR,AAC 2ch 48000Hz,126.9,0.16,0.14,0.52,18.6,video,IMG_9651.MOV,HDR→SDR needed
IMG_9652.HEIC,2.7,,,,,,,,,,,,,,,,,,,,,,image,IMG_9652.HEIC,
IMG_9653.HEIC,2.6,,,,,,,,,,,,,,,,,,,,,,image,IMG_9653.HEIC,
IMG_9654.HEIC,2.1,,,,,,,,,,,,,,,,,,,,,,image,IMG_9654.HEIC,
IMG_9655.HEIC,2.1,,,,,,,,,,,,,,,,,,,,,,image,IMG_9655.HEIC,
IMG_9656.MOV,9.6,1.43,2026-09-23 05:10:01 UTC,iPhone 16 Pro Max,HEVC,2160,3840,vertical,60.0,CFR,10,HLG,BT.2020,Dolby Vision,52.7,HDR,AAC 2ch 48000Hz,139.4,0.16,0.08,0.0,0.1,video,IMG_9656.MOV,HDR→SDR needed
IMG_9657.MOV,71.8,10.37,2026-09-23 05:20:05 UTC,iPhone 16 Pro Max,HEVC,3840,2160,horizontal,60.0,VFR,10,HLG,BT.2020,Dolby Vision,54.7,HDR,AAC 2ch 48000Hz,179.8,0.0,0.0,0.04,7.8,video,IMG_9657.MOV,HDR→SDR needed
IMG_9658.MOV,73.4,10.84,2026-09-23 05:20:21 UTC,iPhone 16 Pro Max,HEVC,3840,2160,horizontal,60.0,VFR,10,HLG,BT.2020,Dolby Vision,53.5,HDR,AAC 2ch 48000Hz,176.6,0.02,0.0,0.11,13.7,video,IMG_9658.MOV,HDR→SDR needed
IMG_9659.MOV,74.4,10.59,2026-09-23 05:20:37 UTC,iPhone 16 Pro Max,HEVC,3840,2160,horizontal,60.0,VFR,10,HLG,BT.2020,Dolby Vision,55.6,HDR,AAC 2ch 48000Hz,168.6,0.09,0.0,0.19,29.2,video,IMG_9659.MOV,HDR→SDR needed
IMG_9660.MOV,81.3,11.94,2026-09-23 05:20:56 UTC,iPhone 16 Pro Max,HEVC,2160,3840,vertical,60.0,VFR,10,HLG,BT.2020,Dolby Vision,53.8,HDR,AAC 2ch 48000Hz,168.5,0.0,0.04,0.01,2.2,video,IMG_9660.MOV,HDR→SDR needed
IMG_9661.MOV,70.7,10.47,2026-09-23 05:21:14 UTC,iPhone 16 Pro Max,HEVC,2160,3840,vertical,60.0,VFR,10,HLG,BT.2020,Dolby Vision,53.4,HDR,AAC 2ch 48000Hz,174.9,0.03,0.03,0.03,5.7,video,IMG_9661.MOV,HDR→SDR needed
IMG_9662.MOV,72.7,10.47,2026-09-23 05:21:31 UTC,iPhone 16 Pro Max,HEVC,2160,3840,vertical,60.0,VFR,10,HLG,BT.2020,Dolby Vision,54.9,HDR,AAC 2ch 48000Hz,178.7,0.11,0.0,0.46,70.5,video,IMG_9662.MOV,HDR→SDR needed
IMG_9663.MOV,76.3,11.42,2026-09-23 05:21:49 UTC,iPhone 16 Pro Max,HEVC,3840,2160,horizontal,59.94,VFR,10,HLG,BT.2020,Dolby Vision,52.8,HDR,AAC 2ch 48000Hz,168.8,0.0,0.14,0.22,43.6,video,IMG_9663.MOV,HDR→SDR needed
IMG_9664.MOV,74.0,11.08,2026-09-23 05:22:09 UTC,iPhone 16 Pro Max,HEVC,2160,3840,vertical,59.94,VFR,10,HLG,BT.2020,Dolby Vision,52.7,HDR,AAC 2ch 48000Hz,168.6,0.09,0.46,0.01,2.7,video,IMG_9664.MOV,HDR→SDR needed
IMG_9665.MOV,116.6,17.38,2026-09-23 05:23:24 UTC,iPhone 16 Pro Max,HEVC,3840,2160,horizontal,60.0,VFR,10,HLG,BT.2020,Dolby Vision,53.0,HDR,AAC 2ch 48000Hz,175.6,0.01,0.02,1.9,666.6,video,IMG_9665.MOV,HDR→SDR needed; shaky
IMG_9666.MOV,73.3,10.89,2026-09-23 05:23:50 UTC,iPhone 16 Pro Max,HEVC,3840,2160,horizontal,60.0,VFR,10,HLG,BT.2020,Dolby Vision,53.2,HDR,AAC 2ch 48000Hz,180.6,0.03,0.0,5.03,1065.4,video,IMG_9666.MOV,HDR→SDR needed; shaky
IMG_9667.MOV,79.0,11.29,2026-09-23 05:24:09 UTC,iPhone 16 Pro Max,HEVC,3840,2160,horizontal,60.0,VFR,10,HLG,BT.2020,Dolby Vision,55.4,HDR,AAC 2ch 48000Hz,178.2,0.0,0.0,8.41,1835.3,video,IMG_9667.MOV,HDR→SDR needed; shaky
IMG_9668.MOV,39.8,5.45,2026-09-23 05:24:35 UTC,iPhone 16 Pro Max,HEVC,3840,2160,horizontal,59.94,VFR,10,HLG,BT.2020,Dolby Vision,57.7,HDR,AAC 2ch 48000Hz,179.4,0.04,0.0,2.85,346.3,video,IMG_9668.MOV,HDR→SDR needed; shaky
IMG_9669.MOV,30.4,4.57,2026-09-23 05:24:56 UTC,iPhone 16 Pro Max,HEVC,2160,3840,vertical,60.0,VFR,10,HLG,BT.2020,Dolby Vision,52.5,HDR,AAC 2ch 48000Hz,177.1,0.06,0.0,8.22,657.5,video,IMG_9669.MOV,HDR→SDR needed; shaky
IMG_9670.MOV,91.7,13.65,2026-09-23 05:25:10 UTC,iPhone 16 Pro Max,HEVC,2160,3840,vertical,60.0,VFR,10,HLG,BT.2020,Dolby Vision,53.0,HDR,AAC 2ch 48000Hz,173.0,0.01,0.14,2.91,783.6,video,IMG_9670.MOV,HDR→SDR needed; shaky
IMG_9671.MOV,120.0,17.91,2026-09-23 05:25:34 UTC,iPhone 16 Pro Max,HEVC,2160,3840,vertical,60.0,VFR,10,HLG,BT.2020,Dolby Vision,53.0,HDR,AAC 2ch 48000Hz,178.1,0.02,0.03,4.43,1594.8,video,IMG_9671.MOV,HDR→SDR needed; shaky
IMG_9672.MOV,153.0,22.11,2026-09-23 05:25:58 UTC,iPhone 16 Pro Max,HEVC,2160,3840,vertical,60.0,VFR,10,HLG,BT.2020,Dolby Vision,54.7,HDR,AAC 2ch 48000Hz,173.6,0.03,0.01,7.74,3406.7,video,IMG_9672.MOV,HDR→SDR needed; shaky
IMG_9673.MOV,65.2,9.17,2026-09-23 05:27:59 UTC,iPhone 16 Pro Max,HEVC,2160,3840,vertical,59.94,VFR,10,HLG,BT.2020,Dolby Vision,56.2,HDR,AAC 2ch 48000Hz,152.8,0.18,0.42,2.91,407.2,video,IMG_9673.MOV,HDR→SDR needed; shaky
IMG_9674.MOV,68.8,10.19,2026-09-23 05:28:19 UTC,iPhone 16 Pro Max,HEVC,3840,2160,horizontal,60.0,VFR,10,HLG,BT.2020,Dolby Vision,53.3,HDR,AAC 2ch 48000Hz,153.4,0.32,0.79,5.55,571.3,video,IMG_9674.MOV,HDR→SDR needed; shaky
IMG_9675.MOV,9.1,1.25,2026-09-23 05:32:16 UTC,iPhone 16 Pro Max,HEVC,2160,3840,vertical,60.0,CFR,10,HLG,BT.2020,Dolby Vision,57.1,HDR,AAC 2ch 48000Hz,162.9,0.03,0.49,0.01,0.1,video,IMG_9675.MOV,HDR→SDR needed
IMG_9676.MOV,12.1,1.8,2026-09-23 05:32:28 UTC,iPhone 16 Pro Max,HEVC,3840,2160,horizontal,60.0,CFR,10,HLG,BT.2020,Dolby Vision,52.8,HDR,AAC 2ch 48000Hz,161.8,0.08,0.19,0.01,0.2,video,IMG_9676.MOV,HDR→SDR needed
IMG_9677.MOV,7.9,1.2,2026-09-23 05:32:35 UTC,iPhone 16 Pro Max,HEVC,3840,2160,horizontal,60.0,CFR,10,HLG,BT.2020,Dolby Vision,51.8,HDR,AAC 2ch 48000Hz,158.1,0.09,0.2,0.01,0.1,video,IMG_9677.MOV,HDR→SDR needed
